{"clusters": [{"name": "cluster0", "idFingerprintRef": 239, "fingerprintRef": "0|||||GE|0|||||", "distanceRef": 0.375, "distancesReferences": {"A": 0.0, "B": 0.7592592592592593, "C": 0.6521739130434783, "D": 0.8791208791208791}, "listePoints": {"point0": {"A": 0.0, "B": 0.7592592592592593, "C": 0.6521739130434783, "D": 0.8791208791208791}, "point1": {"A": 0.1333333333333333, "B": 0.7962962962962963, "C": 0.7391304347826086, "D": 0.8681318681318682}, "point2": {"A": 0.125, "B": 0.8909090909090909, "C": 0.6901408450704225, "D": 0.9347826086956522}}}, {"name": "cluster1", "idFingerprintRef": 26, "fingerprintRef": "0|||||GE|1|ca-co,us-ag,re,ho,ac,ac-en,co|ca-co:nc/us-ag:1be9350/ac:as-as/ac-en:gz,de/co:cl|||", "distanceRef": 0.08510638297872342, "distancesReferences": {"A": 0.7592592592592593, "B": 0.0, "C": 0.3605442176870748, "D": 0.43846153846153846}, "listePoints": {"point0": {"A": 0.7798165137614679, "B": 0.06951871657754005, "C": 0.3783783783783784, "D": 0.4329501915708812}, "point1": {"A": 0.7798165137614679, "B": 0.05882352941176472, "C": 0.3918918918918919, "D": 0.4329501915708812}, "point2": {"A": 0.7614678899082569, "B": 0.05882352941176472, "C": 0.3783783783783784, "D": 0.4329501915708812}}}, {"name": "cluster2", "idFingerprintRef": 12, "fingerprintRef": "0|1|0|||GE|1|ho,us-ag,ac-en|us-ag:1e83efc8/ac-en:gz|||", "distanceRef": 0.03703703703703709, "distancesReferences": {"A": 0.6521739130434783, "B": 0.3605442176870748, "C": 0.0, "D": 0.6199095022624435}, "listePoints": {"point0": {"A": 0.6811594202898551, "B": 0.37414965986394555, "C": 0.03703703703703709, "D": 0.6289592760180995}, "point1": {"A": 0.6521739130434783, "B": 0.3605442176870748, "C": 0.01851851851851849, "D": 0.6199095022624435}, "point2": {"A": 0.6521739130434783, "B": 0.3605442176870748, "C": 0.0, "D": 0.6199095022624435}}}, {"name": "cluster3", "idFingerprintRef": 0, "fingerprintRef": "0|||||PO|1|ho,co-le,ca-co,u-i-r,or,co-ty,us-ag,ac,re,ac-en,ac-la,co|ca-co:916a0a82/co-ty:ap-x-w-f-u/us-ag:46434236/ac:f159e9d0/ac-en:gz,de/ac-la:df003f30/co:cl|A|5|2.1", "distanceRef": 0.08982035928143717, "distancesReferences": {"A": 0.8791208791208791, "B": 0.43846153846153846, "C": 0.6199095022624435, "D": 0.0}, "listePoints": {"point0": {"A": 0.8791208791208791, "B": 0.43846153846153846, "C": 0.6199095022624435, "D": 0.0}, "point1": {"A": 0.8791208791208791, "B": 0.43846153846153846, "C": 0.6199095022624435, "D": 0.005988023952095856}, "point2": {"A": 0.8791208791208791, "B": 0.43846153846153846, "C": 0.6199095022624435, "D": 0.005988023952095856}}}]}